Wall time,Step,Value
1600650907.5718143,0,0.6831220984458923
1600651072.7844944,1,0.6794600486755371
1600651202.2325764,2,0.6696979999542236
1600651325.7534301,3,0.662466287612915
1600651449.0017579,4,0.6596019268035889
1600651572.3841572,5,0.6530609726905823
1600651695.6195164,6,0.6490715146064758
1600651818.6415749,7,0.6452150940895081
1600651941.6162665,8,0.6415080428123474
1600652064.628823,9,0.6446912288665771
1600652187.707591,10,0.6383057832717896
1600652310.8673408,11,0.636139988899231
1600652433.9790118,12,0.6351706385612488
1600652556.9715424,13,0.6356479525566101
1600652679.974966,14,0.6349697709083557
1600652803.0747123,15,0.6328599452972412
1600652926.1103284,16,0.6312082409858704
1600653049.1249602,17,0.6311084032058716
1600653172.3102877,18,0.6293084621429443
1600653295.489829,19,0.6449496746063232
1600653418.7936943,20,0.6306228637695312
1600653541.9985187,21,0.6293355822563171
1600653665.22941,22,0.6306716799736023
1600653788.342226,23,0.6307128071784973
1600653911.6041389,24,0.6309506297111511
1600654034.779556,25,0.6339707970619202
1600654158.0484724,26,0.6304023861885071
1600654281.204922,27,0.6396971344947815
1600654404.36613,28,0.6323211193084717
1600654527.5923624,29,0.6314436793327332
1600654650.7846737,30,0.6310305595397949
1600654773.8743324,31,0.6365200281143188
1600654896.9466982,32,0.6375601291656494
1600655020.1589732,33,0.6325562596321106
1600655144.0095046,34,0.6402199864387512
1600655268.4491348,35,0.6402590870857239
1600655392.5537777,36,0.628666341304779
1600655516.55565,37,0.644424557685852
1600655640.4495406,38,0.6346718072891235
1600655764.421154,39,0.6346237063407898
1600655888.3615632,40,0.6414632201194763
1600656012.1894202,41,0.6338463425636292
1600656136.0461376,42,0.6465082168579102
1600656259.8010752,43,0.6415585875511169
1600656383.216142,44,0.6434101462364197
1600656506.6923766,45,0.6452271938323975
1600656630.124331,46,0.6395633816719055
1600656753.4558973,47,0.6418455839157104
1600656876.7486174,48,0.6457493305206299
1600656999.9510624,49,0.6480884552001953
